Det [ms], Descr [ms], num kp [#], num matched kp [#], mean neigh size [px], var neigh size [px]
 3.127050, 2.625679, 431.000000, 321.000000, 7.000000, 0.000000
 2.209410, 8.022449, 408.000000, 334.000000, 7.000000, 0.000000
 2.312798, 3.465684, 430.000000, 301.000000, 7.000000, 0.000000
 2.496282, 5.481989, 389.000000, 336.000000, 7.000000, 0.000000
 2.297595, 5.082203, 417.000000, 277.000000, 7.000000, 0.000000
 2.882622, 5.523805, 422.000000, 329.000000, 7.000000, 0.000000
 2.397138, 4.092883, 413.000000, 326.000000, 7.000000, 0.000000
 2.378656, 7.354479, 401.000000, 316.000000, 7.000000, 0.000000
 2.354890, 4.182105, 405.000000, 310.000000, 7.000000, 0.000000
